TRACK	Q7A	Q7B	Q7C	Q7D	Q8A	Q8B	Q8C	Q8D	Q9A	Q9B	Q9C	Q9D	Q9E	Q9F	Q10A	Q10B	Q10C	Q10D	Q10E	QXA	QXB	QXC	QXD
CARDIO	0	0	0	1	0	1	0	0	0	0	1	0	0	0	0	1	0	0	0	5	2	2	1
CARDIO	0	0	1	0	1	0	0	0	0	1	0	0	0	0	1	0	0	0	0	4	1	2	2
CARDIO	0	1	0	0	0	0	1	0	1	0	0	0	0	0	0	0	1	0	0	4	3	1	1
CARDIO	1	0	0	0	0	1	0	0	0	0	1	0	0	0	0	1	0	0	0	5	2	2	1
CARDIO	0	0	0	1	1	0	0	0	0	0	1	0	0	0	0	1	0	0	0	5	2	2	1
CARDIO	0	0	1	0	1	0	0	0	0	0	0	1	0	0	0	0	0	1	0	5	2	2	1
CARDIO	0	0	1	0	1	0	0	0	0	0	0	1	0	0	0	0	0	1	0	3	3	2	1
CARDIO	0	0	0	1	0	0	1	0	0	0	0	1	0	0	1	0	0	0	0	5	2	2	1
CARDIO	0	0	0	1	0	0	1	0	0	0	0	0	1	0	1	0	0	0	0	5	2	2	1
CARDIO	0	1	0	0	0	0	1	0	0	0	0	0	1	0	0	1	0	0	0	5	2	2	1
CARDIO	0	1	0	0	0	1	0	0	1	0	0	0	0	0	0	0	1	0	0	5	2	2	1
STRENGTH	0	1	0	0	0	0	0	1	1	0	0	0	0	0	0	1	0	0	0	2	5	2	1
STRENGTH	0	0	0	1	0	0	1	0	0	0	1	0	0	0	0	0	1	0	0	3	4	2	1
STRENGTH	0	0	1	0	0	0	0	1	0	1	0	0	0	0	1	0	0	0	0	4	4	2	1
STRENGTH	0	1	0	0	0	0	0	1	0	0	0	1	0	0	0	1	0	0	0	2	5	2	1
STRENGTH	0	1	0	0	0	0	0	1	0	1	0	0	0	0	0	1	0	0	0	2	5	2	1
STRENGTH	0	1	0	0	0	0	0	1	0	0	1	0	0	0	0	1	0	0	0	2	5	2	1
STRENGTH	0	1	0	0	0	0	0	1	0	0	1	0	0	0	0	1	0	0	0	2	5	2	1
STRENGTH	0	1	0	0	0	0	0	1	0	0	1	0	0	0	0	1	0	0	0	2	5	2	1
STRENGTH	0	1	0	0	0	0	0	1	0	0	1	0	0	0	0	1	0	0	0	2	5	2	1
STRENGTH	0	1	0	0	0	0	0	1	0	0	1	0	0	0	0	1	0	0	0	2	5	2	1
STRENGTH	0	1	0	0	0	0	0	1	0	0	1	0	0	0	0	1	0	0	0	2	5	2	1
NUTRITION	0	1	0	0	0	1	0	0	0	0	0	0	1	0	0	1	0	0	0	2	2	5	1
NUTRITION	0	1	0	0	1	0	0	0	0	0	0	0	0	1	0	1	0	0	0	2	4	4	1
NUTRITION	0	0	1	0	0	1	0	0	0	0	0	0	1	0	0	1	0	0	0	2	2	5	1
NUTRITION	1	0	0	0	0	0	1	0	0	0	0	0	1	0	1	0	0	0	0	2	2	5	1
NUTRITION	1	0	0	0	0	0	1	0	0	0	0	0	1	0	0	0	1	0	0	2	2	5	1
NUTRITION	0	1	0	0	0	1	0	0	0	0	0	0	1	0	0	1	0	0	0	2	2	5	1
NUTRITION	0	1	0	0	0	1	0	0	0	0	0	1	0	0	1	0	0	0	0	2	2	5	1
NUTRITION	0	0	1	0	0	1	0	0	0	0	0	1	0	0	1	0	0	0	0	2	3	4	1
NUTRITION	0	1	0	0	1	0	0	0	0	0	0	0	1	0	0	1	0	0	0	2	3	5	1
NUTRITION	0	1	0	0	1	0	0	0	0	0	0	0	1	0	0	1	0	0	0	2	2	4	2
NUTRITION	0	0	1	0	0	1	0	0	0	0	0	0	1	0	0	0	1	0	0	2	2	4	1
MINDFULNESS	0	1	0	0	0	1	0	0	0	1	0	0	0	0	0	0	0	0	1	2	2	2	5
MINDFULNESS	0	1	0	0	1	0	0	0	0	1	0	0	0	0	0	0	0	1	0	2	2	2	5
MINDFULNESS	0	0	1	0	1	0	0	0	0	0	1	0	0	0	0	0	0	1	0	2	2	2	2
MINDFULNESS	0	0	1	0	1	0	0	0	0	1	0	0	0	0	1	0	0	0	0	2	2	2	2
MINDFULNESS	0	1	0	0	0	1	0	0	0	0	1	0	0	0	0	1	0	0	0	2	2	2	4
MINDFULNESS	0	1	0	0	0	1	0	0	0	0	1	0	0	0	0	0	0	0	1	2	2	3	4
MINDFULNESS	0	0	0	1	0	1	0	0	0	0	0	1	0	0	0	0	0	0	1	2	2	2	5
MINDFULNESS	0	0	0	1	0	0	1	0	0	0	0	0	1	0	0	0	0	1	0	2	2	2	4
MINDFULNESS	0	1	0	0	0	0	1	0	0	0	1	0	0	0	0	0	0	1	0	2	2	2	4
MINDFULNESS	1	0	0	0	0	1	0	0	0	0	1	0	0	0	0	0	0	0	1	2	2	2	5
MINDFULNESS	1	0	0	0	0	1	0	0	0	1	0	0	0	0	1	0	0	0	0	2	2	2	3
